Source,Target,Id
1,0,0,
2,0,1,
2,1,2,
3,0,3,
3,1,4,
3,2,5,
4,0,6,
4,1,7,
4,2,8,
4,3,9,
5,0,10,
5,1,11,
5,2,12,
5,3,13,
5,4,14,
6,0,15,
6,1,16,
6,2,17,
6,3,18,
6,4,19,
6,5,20,
7,0,21,
7,1,22,
7,2,23,
7,3,24,
7,4,25,
7,5,26,
7,6,27,
9,8,28,
11,10,29,
12,10,30,
12,11,31,
13,10,32,
13,11,33,
13,12,34,
14,10,35,
14,11,36,
14,12,37,
14,13,38,
15,10,39,
15,11,40,
15,12,41,
15,13,42,
15,14,43,
17,16,44,
18,16,45,
18,17,46,
19,16,47,
19,17,48,
19,18,49,
20,16,50,
20,17,51,
20,18,52,
20,19,53,
22,21,54,
24,23,55,
25,23,56,
25,24,57,
26,23,58,
26,24,59,
26,25,60,
27,23,61,
27,24,62,
27,25,63,
27,26,64,
28,23,65,
28,24,66,
28,25,67,
28,26,68,
28,27,69,
29,23,70,
29,24,71,
29,25,72,
29,26,73,
29,27,74,
29,28,75,
30,23,76,
30,24,77,
30,25,78,
30,26,79,
30,27,80,
30,28,81,
30,29,82,
31,23,83,
31,24,84,
31,25,85,
31,26,86,
31,27,87,
31,28,88,
31,29,89,
31,30,90,
32,23,91,
32,24,92,
32,25,93,
32,26,94,
32,27,95,
32,28,96,
32,29,97,
32,30,98,
32,31,99,
33,23,100,
33,24,101,
33,25,102,
33,26,103,
33,27,104,
33,28,105,
33,29,106,
33,30,107,
33,31,108,
33,32,109,
34,23,110,
34,24,111,
34,25,112,
34,26,113,
34,27,114,
34,28,115,
34,29,116,
34,30,117,
34,31,118,
34,32,119,
34,33,120,
35,23,121,
35,24,122,
35,25,123,
35,26,124,
35,27,125,
35,28,126,
35,29,127,
35,30,128,
35,31,129,
35,32,130,
35,33,131,
35,34,132,
36,23,133,
36,24,134,
36,25,135,
36,26,136,
36,27,137,
36,28,138,
36,29,139,
36,30,140,
36,31,141,
36,32,142,
36,33,143,
36,34,144,
36,35,145,
37,23,146,
37,24,147,
37,25,148,
37,26,149,
37,27,150,
37,28,151,
37,29,152,
37,30,153,
37,31,154,
37,32,155,
37,33,156,
37,34,157,
37,35,158,
37,36,159,
39,38,160,
40,38,161,
40,39,162,
41,38,163,
41,39,164,
41,40,165,
42,38,166,
42,39,167,
42,40,168,
42,41,169,
43,38,170,
43,39,171,
43,40,172,
43,41,173,
43,42,174,
44,38,175,
44,39,176,
44,40,177,
44,41,178,
44,42,179,
44,43,180,
45,38,181,
45,39,182,
45,40,183,
45,41,184,
45,42,185,
45,43,186,
45,44,187,
47,46,188,
48,46,189,
48,47,190,
49,46,191,
49,47,192,
49,48,193,
51,50,194,
52,50,195,
52,51,196,
53,50,197,
53,51,198,
53,52,199,
54,50,200,
54,51,201,
54,52,202,
54,53,203,
55,50,204,
55,51,205,
55,52,206,
55,53,207,
55,54,208,
56,50,209,
56,51,210,
56,52,211,
56,53,212,
56,54,213,
56,55,214,
57,50,215,
57,51,216,
57,52,217,
57,53,218,
57,54,219,
57,55,220,
57,56,221,
58,50,222,
58,51,223,
58,52,224,
58,53,225,
58,54,226,
58,55,227,
58,56,228,
58,57,229,
59,50,230,
59,51,231,
59,52,232,
59,53,233,
59,54,234,
59,55,235,
59,56,236,
59,57,237,
59,58,238,
60,50,239,
60,51,240,
60,52,241,
60,53,242,
60,54,243,
60,55,244,
60,56,245,
60,57,246,
60,58,247,
60,59,248,
61,50,249,
61,51,250,
61,52,251,
61,53,252,
61,54,253,
61,55,254,
61,56,255,
61,57,256,
61,58,257,
61,59,258,
61,60,259,
62,50,260,
62,51,261,
62,52,262,
62,53,263,
62,54,264,
62,55,265,
62,56,266,
62,57,267,
62,58,268,
62,59,269,
62,60,270,
62,61,271,
63,46,272,
63,47,273,
63,48,274,
63,49,275,
64,46,276,
64,47,277,
64,48,278,
64,49,279,
64,63,280,
65,46,281,
65,47,282,
65,48,283,
65,49,284,
65,63,285,
65,64,286,
66,46,287,
66,47,288,
66,48,289,
66,49,290,
66,63,291,
66,64,292,
66,65,293,
68,67,294,
69,67,295,
69,68,296,
71,70,297,
72,70,298,
72,71,299,
73,70,300,
73,71,301,
73,72,302,
74,70,303,
74,71,304,
74,72,305,
74,73,306,
75,70,307,
75,71,308,
75,72,309,
75,73,310,
75,74,311,
76,70,312,
76,71,313,
76,72,314,
76,73,315,
76,74,316,
76,75,317,
77,70,318,
77,71,319,
77,72,320,
77,73,321,
77,74,322,
77,75,323,
77,76,324,
78,70,325,
78,71,326,
78,72,327,
78,73,328,
78,74,329,
78,75,330,
78,76,331,
78,77,332,
79,70,333,
79,71,334,
79,72,335,
79,73,336,
79,74,337,
79,75,338,
79,76,339,
79,77,340,
79,78,341,
81,80,342,
82,80,343,
82,81,344,
83,80,345,
83,81,346,
83,82,347,
84,80,348,
84,81,349,
84,82,350,
84,83,351,
85,80,352,
85,81,353,
85,82,354,
85,83,355,
85,84,356,
86,80,357,
86,81,358,
86,82,359,
86,83,360,
86,84,361,
86,85,362,
87,80,363,
87,81,364,
87,82,365,
87,83,366,
87,84,367,
87,85,368,
87,86,369,
88,80,370,
88,81,371,
88,82,372,
88,83,373,
88,84,374,
88,85,375,
88,86,376,
88,87,377,
90,89,378,
91,89,379,
91,90,380,
92,89,381,
92,90,382,
92,91,383,
93,89,384,
93,90,385,
93,91,386,
93,92,387,
94,89,388,
94,90,389,
94,91,390,
94,92,391,
94,93,392,
95,89,393,
95,90,394,
95,91,395,
95,92,396,
95,93,397,
95,94,398,
97,96,399,
98,96,400,
98,97,401,
99,96,402,
99,97,403,
99,98,404,
101,100,405,
102,100,406,
102,101,407,
103,100,408,
103,101,409,
103,102,410,
104,100,411,
104,101,412,
104,102,413,
104,103,414,
105,100,415,
105,101,416,
105,102,417,
105,103,418,
105,104,419,
106,100,420,
106,101,421,
106,102,422,
106,103,423,
106,104,424,
106,105,425,
107,100,426,
107,101,427,
107,102,428,
107,103,429,
107,104,430,
107,105,431,
107,106,432,
108,100,433,
108,101,434,
108,102,435,
108,103,436,
108,104,437,
108,105,438,
108,106,439,
108,107,440,
109,100,441,
109,101,442,
109,102,443,
109,103,444,
109,104,445,
109,105,446,
109,106,447,
109,107,448,
109,108,449,
110,89,450,
110,90,451,
110,91,452,
110,92,453,
110,93,454,
110,94,455,
110,95,456,
111,89,457,
111,90,458,
111,91,459,
111,92,460,
111,93,461,
111,94,462,
111,95,463,
111,110,464,
113,112,465,
114,112,466,
114,113,467,
115,112,468,
115,113,469,
115,114,470,
116,112,471,
116,113,472,
116,114,473,
116,115,474,
117,112,475,
117,113,476,
117,114,477,
117,115,478,
117,116,479,
118,112,480,
118,113,481,
118,114,482,
118,115,483,
118,116,484,
118,117,485,
120,119,486,
121,119,487,
121,120,488,
122,119,489,
122,120,490,
122,121,491,
124,123,492,
125,123,493,
125,124,494,
126,123,495,
126,124,496,
126,125,497,
128,127,498,
129,127,499,
129,128,500,
130,127,501,
130,128,502,
130,129,503,
131,127,504,
131,128,505,
131,129,506,
131,130,507,
132,127,508,
132,128,509,
132,129,510,
132,130,511,
132,131,512,
133,127,513,
133,128,514,
133,129,515,
133,130,516,
133,131,517,
133,132,518,
134,127,519,
134,128,520,
134,129,521,
134,130,522,
134,131,523,
134,132,524,
134,133,525,
135,127,526,
135,128,527,
135,129,528,
135,130,529,
135,131,530,
135,132,531,
135,133,532,
135,134,533,
137,136,534,
138,136,535,
138,137,536,
140,139,537,
141,139,538,
141,140,539,
142,139,540,
142,140,541,
142,141,542,
143,139,543,
143,140,544,
143,141,545,
143,142,546,
144,139,547,
144,140,548,
144,141,549,
144,142,550,
144,143,551,
145,139,552,
145,140,553,
145,141,554,
145,142,555,
145,143,556,
145,144,557,
146,139,558,
146,140,559,
146,141,560,
146,142,561,
146,143,562,
146,144,563,
146,145,564,
147,139,565,
147,140,566,
147,141,567,
147,142,568,
147,143,569,
147,144,570,
147,145,571,
147,146,572,
149,148,573,
150,148,574,
150,149,575,
151,148,576,
151,149,577,
151,150,578,
152,148,579,
152,149,580,
152,150,581,
152,151,582,
153,148,583,
153,149,584,
153,150,585,
153,151,586,
153,152,587,
156,155,588,
157,155,589,
157,156,590,
158,155,591,
158,156,592,
158,157,593,
159,155,594,
159,156,595,
159,157,596,
159,158,597,
160,155,598,
160,156,599,
160,157,600,
160,158,601,
160,159,602,
161,155,603,
161,156,604,
161,157,605,
161,158,606,
161,159,607,
161,160,608,
162,155,609,
162,156,610,
162,157,611,
162,158,612,
162,159,613,
162,160,614,
162,161,615,
163,155,616,
163,156,617,
163,157,618,
163,158,619,
163,159,620,
163,160,621,
163,161,622,
163,162,623,
164,155,624,
164,156,625,
164,157,626,
164,158,627,
164,159,628,
164,160,629,
164,161,630,
164,162,631,
164,163,632,
165,155,633,
165,156,634,
165,157,635,
165,158,636,
165,159,637,
165,160,638,
165,161,639,
165,162,640,
165,163,641,
165,164,642,
166,148,643,
166,149,644,
166,150,645,
166,151,646,
166,152,647,
166,153,648,
167,23,649,
167,24,650,
167,25,651,
167,26,652,
167,27,653,
167,28,654,
167,29,655,
167,30,656,
167,31,657,
167,32,658,
167,33,659,
167,34,660,
167,35,661,
167,36,662,
167,37,663,
169,168,664,
170,168,665,
170,169,666,
171,168,667,
171,169,668,
171,170,669,
172,168,670,
172,169,671,
172,170,672,
172,171,673,
173,168,674,
173,169,675,
173,170,676,
173,171,677,
173,172,678,
174,168,679,
174,169,680,
174,170,681,
174,171,682,
174,172,683,
174,173,684,
175,168,685,
175,169,686,
175,170,687,
175,171,688,
175,172,689,
175,173,690,
175,174,691,
176,168,692,
176,169,693,
176,170,694,
176,171,695,
176,172,696,
176,173,697,
176,174,698,
176,175,699,
177,168,700,
177,169,701,
177,170,702,
177,171,703,
177,172,704,
177,173,705,
177,174,706,
177,175,707,
177,176,708,
178,168,709,
178,169,710,
178,170,711,
178,171,712,
178,172,713,
178,173,714,
178,174,715,
178,175,716,
178,176,717,
178,177,718,
180,179,719,
181,179,720,
181,180,721,
182,179,722,
182,180,723,
182,181,724,
183,179,725,
183,180,726,
183,181,727,
183,182,728,
184,179,729,
184,180,730,
184,181,731,
184,182,732,
184,183,733,
185,136,734,
185,137,735,
185,138,736,
186,136,737,
186,137,738,
186,138,739,
186,185,740,
187,136,741,
187,137,742,
187,138,743,
187,185,744,
187,186,745,
188,136,746,
188,137,747,
188,138,748,
188,185,749,
188,186,750,
188,187,751,
189,136,752,
189,137,753,
189,138,754,
189,185,755,
189,186,756,
189,187,757,
189,188,758,
190,136,759,
190,137,760,
190,138,761,
190,185,762,
190,186,763,
190,187,764,
190,188,765,
190,189,766,
191,136,767,
191,137,768,
191,138,769,
191,185,770,
191,186,771,
191,187,772,
191,188,773,
191,189,774,
191,190,775,
194,193,776,
195,193,777,
195,194,778,
196,193,779,
196,194,780,
196,195,781,
197,193,782,
197,194,783,
197,195,784,
197,196,785,
200,199,786,
201,199,787,
201,200,788,
202,199,789,
202,200,790,
202,201,791,
203,199,792,
203,200,793,
203,201,794,
203,202,795,
204,199,796,
204,200,797,
204,201,798,
204,202,799,
204,203,800,
205,199,801,
205,200,802,
205,201,803,
205,202,804,
205,203,805,
205,204,806,
206,199,807,
206,200,808,
206,201,809,
206,202,810,
206,203,811,
206,204,812,
206,205,813,
207,199,814,
207,200,815,
207,201,816,
207,202,817,
207,203,818,
207,204,819,
207,205,820,
207,206,821,
209,208,822,
210,208,823,
210,209,824,
211,208,825,
211,209,826,
211,210,827,
212,208,828,
212,209,829,
212,210,830,
212,211,831,
213,208,832,
213,209,833,
213,210,834,
213,211,835,
213,212,836,
214,208,837,
214,209,838,
214,210,839,
214,211,840,
214,212,841,
214,213,842,
215,208,843,
215,209,844,
215,210,845,
215,211,846,
215,212,847,
215,213,848,
215,214,849,
216,208,850,
216,209,851,
216,210,852,
216,211,853,
216,212,854,
216,213,855,
216,214,856,
216,215,857,
218,217,858,
219,217,859,
219,218,860,
220,217,861,
220,218,862,
220,219,863,
221,217,864,
221,218,865,
221,219,866,
221,220,867,
222,217,868,
222,218,869,
222,219,870,
222,220,871,
222,221,872,
223,168,873,
223,169,874,
223,170,875,
223,171,876,
223,172,877,
223,173,878,
223,174,879,
223,175,880,
223,176,881,
223,177,882,
223,178,883,
224,168,884,
224,169,885,
224,170,886,
224,171,887,
224,172,888,
224,173,889,
224,174,890,
224,175,891,
224,176,892,
224,177,893,
224,178,894,
224,223,895,
225,168,896,
225,169,897,
225,170,898,
225,171,899,
225,172,900,
225,173,901,
225,174,902,
225,175,903,
225,176,904,
225,177,905,
225,178,906,
225,223,907,
225,224,908,
228,227,909,
230,0,910,
230,1,911,
230,2,912,
230,3,913,
230,4,914,
230,5,915,
230,6,916,
230,7,917,
231,0,918,
231,1,919,
231,2,920,
231,3,921,
231,4,922,
231,5,923,
231,6,924,
231,7,925,
231,230,926,
232,139,927,
232,140,928,
232,141,929,
232,142,930,
232,143,931,
232,144,932,
232,145,933,
232,146,934,
232,147,935,
234,233,936,
235,233,937,
235,234,938,
236,233,939,
236,234,940,
236,235,941,
237,233,942,
237,234,943,
237,235,944,
237,236,945,
238,233,946,
238,234,947,
238,235,948,
238,236,949,
238,237,950,
239,233,951,
239,234,952,
239,235,953,
239,236,954,
239,237,955,
239,238,956,
240,233,957,
240,234,958,
240,235,959,
240,236,960,
240,237,961,
240,238,962,
240,239,963,
241,233,964,
241,234,965,
241,235,966,
241,236,967,
241,237,968,
241,238,969,
241,239,970,
241,240,971,
242,233,972,
242,234,973,
242,235,974,
242,236,975,
242,237,976,
242,238,977,
242,239,978,
242,240,979,
242,241,980,
243,233,981,
243,234,982,
243,235,983,
243,236,984,
243,237,985,
243,238,986,
243,239,987,
243,240,988,
243,241,989,
243,242,990,
244,10,991,
244,11,992,
244,12,993,
244,13,994,
244,14,995,
244,15,996,
245,10,997,
245,11,998,
245,12,999,
245,13,1000,
245,14,1001,
245,15,1002,
245,244,1003,
246,10,1004,
246,11,1005,
246,12,1006,
246,13,1007,
246,14,1008,
246,15,1009,
246,244,1010,
246,245,1011,
247,10,1012,
247,11,1013,
247,12,1014,
247,13,1015,
247,14,1016,
247,15,1017,
247,244,1018,
247,245,1019,
247,246,1020,
249,248,1021,
250,248,1022,
250,249,1023,
251,248,1024,
251,249,1025,
251,250,1026,
252,248,1027,
252,249,1028,
252,250,1029,
252,251,1030,
253,248,1031,
253,249,1032,
253,250,1033,
253,251,1034,
253,252,1035,
254,248,1036,
254,249,1037,
254,250,1038,
254,251,1039,
254,252,1040,
254,253,1041,
256,255,1042,
257,255,1043,
257,256,1044,
258,229,1045,
259,229,1046,
259,258,1047,
260,229,1048,
260,258,1049,
260,259,1050,
261,229,1051,
261,258,1052,
261,259,1053,
261,260,1054,
262,229,1055,
262,258,1056,
262,259,1057,
262,260,1058,
262,261,1059,
264,263,1060,
265,46,1061,
265,47,1062,
265,48,1063,
265,49,1064,
265,63,1065,
265,64,1066,
265,65,1067,
265,66,1068,
266,46,1069,
266,47,1070,
266,48,1071,
266,49,1072,
266,63,1073,
266,64,1074,
266,65,1075,
266,66,1076,
266,265,1077,
267,46,1078,
267,47,1079,
267,48,1080,
267,49,1081,
267,63,1082,
267,64,1083,
267,65,1084,
267,66,1085,
267,265,1086,
267,266,1087,
268,46,1088,
268,47,1089,
268,48,1090,
268,49,1091,
268,63,1092,
268,64,1093,
268,65,1094,
268,66,1095,
268,265,1096,
268,266,1097,
268,267,1098,
269,148,1099,
269,149,1100,
269,150,1101,
269,151,1102,
269,152,1103,
269,153,1104,
269,166,1105,
270,148,1106,
270,149,1107,
270,150,1108,
270,151,1109,
270,152,1110,
270,153,1111,
270,166,1112,
270,269,1113,
271,148,1114,
271,149,1115,
271,150,1116,
271,151,1117,
271,152,1118,
271,153,1119,
271,166,1120,
271,269,1121,
271,270,1122,
272,148,1123,
272,149,1124,
272,150,1125,
272,151,1126,
272,152,1127,
272,153,1128,
272,166,1129,
272,269,1130,
272,270,1131,
272,271,1132,
273,148,1133,
273,149,1134,
273,150,1135,
273,151,1136,
273,152,1137,
273,153,1138,
273,166,1139,
273,269,1140,
273,270,1141,
273,271,1142,
273,272,1143,
274,148,1144,
274,149,1145,
274,150,1146,
274,151,1147,
274,152,1148,
274,153,1149,
274,166,1150,
274,269,1151,
274,270,1152,
274,271,1153,
274,272,1154,
274,273,1155,
275,148,1156,
275,149,1157,
275,150,1158,
275,151,1159,
275,152,1160,
275,153,1161,
275,166,1162,
275,269,1163,
275,270,1164,
275,271,1165,
275,272,1166,
275,273,1167,
275,274,1168,
276,148,1169,
276,149,1170,
276,150,1171,
276,151,1172,
276,152,1173,
276,153,1174,
276,166,1175,
276,269,1176,
276,270,1177,
276,271,1178,
276,272,1179,
276,273,1180,
276,274,1181,
276,275,1182,
277,192,1183,
278,192,1184,
278,277,1185,
279,192,1186,
279,277,1187,
279,278,1188,
280,192,1189,
280,277,1190,
280,278,1191,
280,279,1192,
282,281,1193,
283,281,1194,
283,282,1195,
284,21,1196,
284,22,1197,
285,21,1198,
285,22,1199,
285,284,1200,
286,21,1201,
286,22,1202,
286,284,1203,
286,285,1204,
287,21,1205,
287,22,1206,
287,284,1207,
287,285,1208,
287,286,1209,
288,21,1210,
288,22,1211,
288,284,1212,
288,285,1213,
288,286,1214,
288,287,1215,
289,21,1216,
289,22,1217,
289,284,1218,
289,285,1219,
289,286,1220,
289,287,1221,
289,288,1222,
290,136,1223,
290,137,1224,
290,138,1225,
290,185,1226,
290,186,1227,
290,187,1228,
290,188,1229,
290,189,1230,
290,190,1231,
290,191,1232,
291,136,1233,
291,137,1234,
291,138,1235,
291,185,1236,
291,186,1237,
291,187,1238,
291,188,1239,
291,189,1240,
291,190,1241,
291,191,1242,
291,290,1243,
292,136,1244,
292,137,1245,
292,138,1246,
292,185,1247,
292,186,1248,
292,187,1249,
292,188,1250,
292,189,1251,
292,190,1252,
292,191,1253,
292,290,1254,
292,291,1255,
294,293,1256,
295,293,1257,
295,294,1258,
296,293,1259,
296,294,1260,
296,295,1261,
297,293,1262,
297,294,1263,
297,295,1264,
297,296,1265,
298,293,1266,
298,294,1267,
298,295,1268,
298,296,1269,
298,297,1270,
299,293,1271,
299,294,1272,
299,295,1273,
299,296,1274,
299,297,1275,
299,298,1276,
300,293,1277,
300,294,1278,
300,295,1279,
300,296,1280,
300,297,1281,
300,298,1282,
300,299,1283,
301,293,1284,
301,294,1285,
301,295,1286,
301,296,1287,
301,297,1288,
301,298,1289,
301,299,1290,
301,300,1291,
302,293,1292,
302,294,1293,
302,295,1294,
302,296,1295,
302,297,1296,
302,298,1297,
302,299,1298,
302,300,1299,
302,301,1300,
304,303,1301,
305,303,1302,
305,304,1303,
306,303,1304,
306,304,1305,
306,305,1306,
307,303,1307,
307,304,1308,
307,305,1309,
307,306,1310,
308,303,1311,
308,304,1312,
308,305,1313,
308,306,1314,
308,307,1315,
309,303,1316,
309,304,1317,
309,305,1318,
309,306,1319,
309,307,1320,
309,308,1321,
310,303,1322,
310,304,1323,
310,305,1324,
310,306,1325,
310,307,1326,
310,308,1327,
310,309,1328,
311,248,1329,
311,249,1330,
311,250,1331,
311,251,1332,
311,252,1333,
311,253,1334,
311,254,1335,
312,248,1336,
312,249,1337,
312,250,1338,
312,251,1339,
312,252,1340,
312,253,1341,
312,254,1342,
312,311,1343,
314,313,1344,
315,313,1345,
315,314,1346,
316,313,1347,
316,314,1348,
316,315,1349,
317,313,1350,
317,314,1351,
317,315,1352,
317,316,1353,
319,318,1354,
320,318,1355,
320,319,1356,
322,321,1357,
323,321,1358,
323,322,1359,
324,321,1360,
324,322,1361,
324,323,1362,
326,325,1363,
327,325,1364,
327,326,1365,
328,325,1366,
328,326,1367,
328,327,1368,
329,325,1369,
329,326,1370,
329,327,1371,
329,328,1372,
330,325,1373,
330,326,1374,
330,327,1375,
330,328,1376,
330,329,1377,
331,325,1378,
331,326,1379,
331,327,1380,
331,328,1381,
331,329,1382,
331,330,1383,
332,325,1384,
332,326,1385,
332,327,1386,
332,328,1387,
332,329,1388,
332,330,1389,
332,331,1390,
333,325,1391,
333,326,1392,
333,327,1393,
333,328,1394,
333,329,1395,
333,330,1396,
333,331,1397,
333,332,1398,
335,334,1399,
336,334,1400,
336,335,1401,
337,334,1402,
337,335,1403,
337,336,1404,
338,334,1405,
338,335,1406,
338,336,1407,
338,337,1408,
339,334,1409,
339,335,1410,
339,336,1411,
339,337,1412,
339,338,1413,
340,334,1414,
340,335,1415,
340,336,1416,
340,337,1417,
340,338,1418,
340,339,1419,
341,334,1420,
341,335,1421,
341,336,1422,
341,337,1423,
341,338,1424,
341,339,1425,
341,340,1426,
342,334,1427,
342,335,1428,
342,336,1429,
342,337,1430,
342,338,1431,
342,339,1432,
342,340,1433,
342,341,1434,
343,313,1435,
343,314,1436,
343,315,1437,
343,316,1438,
343,317,1439,
346,345,1440,
347,345,1441,
347,346,1442,
348,345,1443,
348,346,1444,
348,347,1445,
350,349,1446,
351,349,1447,
351,350,1448,
352,349,1449,
352,350,1450,
352,351,1451,
353,349,1452,
353,350,1453,
353,351,1454,
353,352,1455,
354,349,1456,
354,350,1457,
354,351,1458,
354,352,1459,
354,353,1460,
355,349,1461,
355,350,1462,
355,351,1463,
355,352,1464,
355,353,1465,
355,354,1466,
357,356,1467,
358,356,1468,
358,357,1469,
359,356,1470,
359,357,1471,
359,358,1472,
360,229,1473,
360,258,1474,
360,259,1475,
360,260,1476,
360,261,1477,
360,262,1478,
361,229,1479,
361,258,1480,
361,259,1481,
361,260,1482,
361,261,1483,
361,262,1484,
361,360,1485,
362,229,1486,
362,258,1487,
362,259,1488,
362,260,1489,
362,261,1490,
362,262,1491,
362,360,1492,
362,361,1493,
364,363,1494,
365,363,1495,
365,364,1496,
366,363,1497,
366,364,1498,
366,365,1499,
367,363,1500,
367,364,1501,
367,365,1502,
367,366,1503,
368,363,1504,
368,364,1505,
368,365,1506,
368,366,1507,
368,367,1508,
369,363,1509,
369,364,1510,
369,365,1511,
369,366,1512,
369,367,1513,
369,368,1514,
370,363,1515,
370,364,1516,
370,365,1517,
370,366,1518,
370,367,1519,
370,368,1520,
370,369,1521,
371,363,1522,
371,364,1523,
371,365,1524,
371,366,1525,
371,367,1526,
371,368,1527,
371,369,1528,
371,370,1529,
372,363,1530,
372,364,1531,
372,365,1532,
372,366,1533,
372,367,1534,
372,368,1535,
372,369,1536,
372,370,1537,
372,371,1538,
373,363,1539,
373,364,1540,
373,365,1541,
373,366,1542,
373,367,1543,
373,368,1544,
373,369,1545,
373,370,1546,
373,371,1547,
373,372,1548,
375,374,1549,
376,374,1550,
376,375,1551,
377,374,1552,
377,375,1553,
377,376,1554,
378,193,1555,
378,194,1556,
378,195,1557,
378,196,1558,
378,197,1559,
379,193,1560,
379,194,1561,
379,195,1562,
379,196,1563,
379,197,1564,
379,378,1565,
380,193,1566,
380,194,1567,
380,195,1568,
380,196,1569,
380,197,1570,
380,378,1571,
380,379,1572,
381,193,1573,
381,194,1574,
381,195,1575,
381,196,1576,
381,197,1577,
381,378,1578,
381,379,1579,
381,380,1580,
382,193,1581,
382,194,1582,
382,195,1583,
382,196,1584,
382,197,1585,
382,378,1586,
382,379,1587,
382,380,1588,
382,381,1589,
383,193,1590,
383,194,1591,
383,195,1592,
383,196,1593,
383,197,1594,
383,378,1595,
383,379,1596,
383,380,1597,
383,381,1598,
383,382,1599,
385,384,1600,
386,10,1601,
386,11,1602,
386,12,1603,
386,13,1604,
386,14,1605,
386,15,1606,
386,244,1607,
386,245,1608,
386,246,1609,
386,247,1610,
387,325,1611,
387,326,1612,
387,327,1613,
387,328,1614,
387,329,1615,
387,330,1616,
387,331,1617,
387,332,1618,
387,333,1619,
389,388,1620,
390,388,1621,
390,389,1622,
391,388,1623,
391,389,1624,
391,390,1625,
392,154,1626,
393,154,1627,
393,392,1628,
394,374,1629,
394,375,1630,
394,376,1631,
394,377,1632,
395,374,1633,
395,375,1634,
395,376,1635,
395,377,1636,
395,394,1637,
396,374,1638,
396,375,1639,
396,376,1640,
396,377,1641,
396,394,1642,
396,395,1643,
397,119,1644,
397,120,1645,
397,121,1646,
397,122,1647,
398,119,1648,
398,120,1649,
398,121,1650,
398,122,1651,
398,397,1652,
399,119,1653,
399,120,1654,
399,121,1655,
399,122,1656,
399,397,1657,
399,398,1658,
400,119,1659,
400,120,1660,
400,121,1661,
400,122,1662,
400,397,1663,
400,398,1664,
400,399,1665,
401,119,1666,
401,120,1667,
401,121,1668,
401,122,1669,
401,397,1670,
401,398,1671,
401,399,1672,
401,400,1673,
402,384,1674,
402,385,1675,
403,384,1676,
403,385,1677,
403,402,1678,
404,384,1679,
404,385,1680,
404,402,1681,
404,403,1682,
405,384,1683,
405,385,1684,
405,402,1685,
405,403,1686,
405,404,1687,
406,384,1688,
406,385,1689,
406,402,1690,
406,403,1691,
406,404,1692,
406,405,1693,
407,349,1694,
407,350,1695,
407,351,1696,
407,352,1697,
407,353,1698,
407,354,1699,
407,355,1700,
408,349,1701,
408,350,1702,
408,351,1703,
408,352,1704,
408,353,1705,
408,354,1706,
408,355,1707,
408,407,1708,
409,123,1709,
409,124,1710,
409,125,1711,
409,126,1712,
410,123,1713,
410,124,1714,
410,125,1715,
410,126,1716,
410,409,1717,
411,123,1718,
411,124,1719,
411,125,1720,
411,126,1721,
411,409,1722,
411,410,1723,
413,412,1724,
415,414,1725,
416,414,1726,
416,415,1727,
417,414,1728,
417,415,1729,
417,416,1730,
418,414,1731,
418,415,1732,
418,416,1733,
418,417,1734,
419,414,1735,
419,415,1736,
419,416,1737,
419,417,1738,
419,418,1739,
420,318,1740,
420,319,1741,
420,320,1742,
421,318,1743,
421,319,1744,
421,320,1745,
421,420,1746,
422,127,1747,
422,128,1748,
422,129,1749,
422,130,1750,
422,131,1751,
422,132,1752,
422,133,1753,
422,134,1754,
422,135,1755,
423,127,1756,
423,128,1757,
423,129,1758,
423,130,1759,
423,131,1760,
423,132,1761,
423,133,1762,
423,134,1763,
423,135,1764,
423,422,1765,
424,112,1766,
424,113,1767,
424,114,1768,
424,115,1769,
424,116,1770,
424,117,1771,
424,118,1772,
425,112,1773,
425,113,1774,
425,114,1775,
425,115,1776,
425,116,1777,
425,117,1778,
425,118,1779,
425,424,1780,
426,112,1781,
426,113,1782,
426,114,1783,
426,115,1784,
426,116,1785,
426,117,1786,
426,118,1787,
426,424,1788,
426,425,1789,
427,112,1790,
427,113,1791,
427,114,1792,
427,115,1793,
427,116,1794,
427,117,1795,
427,118,1796,
427,424,1797,
427,425,1798,
427,426,1799,
428,384,1800,
428,385,1801,
428,402,1802,
428,403,1803,
428,404,1804,
428,405,1805,
428,406,1806,
429,384,1807,
429,385,1808,
429,402,1809,
429,403,1810,
429,404,1811,
429,405,1812,
429,406,1813,
429,428,1814,
431,430,1815,
432,430,1816,
432,431,1817,
433,430,1818,
433,431,1819,
433,432,1820,
434,430,1821,
434,431,1822,
434,432,1823,
434,433,1824,
435,430,1825,
435,431,1826,
435,432,1827,
435,433,1828,
435,434,1829,
436,430,1830,
436,431,1831,
436,432,1832,
436,433,1833,
436,434,1834,
436,435,1835,
437,430,1836,
437,431,1837,
437,432,1838,
437,433,1839,
437,434,1840,
437,435,1841,
437,436,1842,
438,430,1843,
438,431,1844,
438,432,1845,
438,433,1846,
438,434,1847,
438,435,1848,
438,436,1849,
438,437,1850,
439,430,1851,
439,431,1852,
439,432,1853,
439,433,1854,
439,434,1855,
439,435,1856,
439,436,1857,
439,437,1858,
439,438,1859,
440,430,1860,
440,431,1861,
440,432,1862,
440,433,1863,
440,434,1864,
440,435,1865,
440,436,1866,
440,437,1867,
440,438,1868,
440,439,1869,
441,356,1870,
441,357,1871,
441,358,1872,
441,359,1873,
443,226,1874,
444,226,1875,
444,443,1876,
445,226,1877,
445,443,1878,
445,444,1879,
446,226,1880,
446,443,1881,
446,444,1882,
446,445,1883,
447,412,1884,
447,413,1885,
448,412,1886,
448,413,1887,
448,447,1888,
449,412,1889,
449,413,1890,
449,447,1891,
449,448,1892,
450,412,1893,
450,413,1894,
450,447,1895,
450,448,1896,
450,449,1897,
451,412,1898,
451,413,1899,
451,447,1900,
451,448,1901,
451,449,1902,
451,450,1903,
452,412,1904,
452,413,1905,
452,447,1906,
452,448,1907,
452,449,1908,
452,450,1909,
452,451,1910,
453,412,1911,
453,413,1912,
453,447,1913,
453,448,1914,
453,449,1915,
453,450,1916,
453,451,1917,
453,452,1918,
454,38,1919,
454,39,1920,
454,40,1921,
454,41,1922,
454,42,1923,
454,43,1924,
454,44,1925,
454,45,1926,
455,38,1927,
455,39,1928,
455,40,1929,
455,41,1930,
455,42,1931,
455,43,1932,
455,44,1933,
455,45,1934,
455,454,1935,
456,38,1936,
456,39,1937,
456,40,1938,
456,41,1939,
456,42,1940,
456,43,1941,
456,44,1942,
456,45,1943,
456,454,1944,
456,455,1945,
458,457,1946,
459,457,1947,
459,458,1948,
460,457,1949,
460,458,1950,
460,459,1951,
461,457,1952,
461,458,1953,
461,459,1954,
461,460,1955,
462,457,1956,
462,458,1957,
462,459,1958,
462,460,1959,
462,461,1960,
463,457,1961,
463,458,1962,
463,459,1963,
463,460,1964,
463,461,1965,
463,462,1966,
464,457,1967,
464,458,1968,
464,459,1969,
464,460,1970,
464,461,1971,
464,462,1972,
464,463,1973,
465,457,1974,
465,458,1975,
465,459,1976,
465,460,1977,
465,461,1978,
465,462,1979,
465,463,1980,
465,464,1981,
466,457,1982,
466,458,1983,
466,459,1984,
466,460,1985,
466,461,1986,
466,462,1987,
466,463,1988,
466,464,1989,
466,465,1990,
467,321,1991,
467,322,1992,
467,323,1993,
467,324,1994,
468,321,1995,
468,322,1996,
468,323,1997,
468,324,1998,
468,467,1999,
470,469,2000,
471,469,2001,
471,470,2002,
472,281,2003,
472,282,2004,
472,283,2005,
473,281,2006,
473,282,2007,
473,283,2008,
473,472,2009,
474,281,2010,
474,282,2011,
474,283,2012,
474,472,2013,
474,473,2014,
475,281,2015,
475,282,2016,
475,283,2017,
475,472,2018,
475,473,2019,
475,474,2020,
476,388,2021,
476,389,2022,
476,390,2023,
476,391,2024,
477,388,2025,
477,389,2026,
477,390,2027,
477,391,2028,
477,476,2029,
479,478,2030,
480,478,2031,
480,479,2032,
481,478,2033,
481,479,2034,
481,480,2035,
482,478,2036,
482,479,2037,
482,480,2038,
482,481,2039,
483,478,2040,
483,479,2041,
483,480,2042,
483,481,2043,
483,482,2044,
484,16,2045,
484,17,2046,
484,18,2047,
484,19,2048,
484,20,2049,
486,485,2050,
487,485,2051,
487,486,2052,
488,485,2053,
488,486,2054,
488,487,2055,
489,485,2056,
489,486,2057,
489,487,2058,
489,488,2059,
490,485,2060,
490,486,2061,
490,487,2062,
490,488,2063,
490,489,2064,
491,485,2065,
491,486,2066,
491,487,2067,
491,488,2068,
491,489,2069,
491,490,2070,
492,485,2071,
492,486,2072,
492,487,2073,
492,488,2074,
492,489,2075,
492,490,2076,
492,491,2077,
493,255,2078,
493,256,2079,
493,257,2080,
494,192,2081,
494,277,2082,
494,278,2083,
494,279,2084,
494,280,2085,
495,192,2086,
495,277,2087,
495,278,2088,
495,279,2089,
495,280,2090,
495,494,2091,
496,192,2092,
496,277,2093,
496,278,2094,
496,279,2095,
496,280,2096,
496,494,2097,
496,495,2098,
498,497,2099,
499,497,2100,
499,498,2101,
500,321,2102,
500,322,2103,
500,323,2104,
500,324,2105,
500,467,2106,
500,468,2107,
501,321,2108,
501,322,2109,
501,323,2110,
501,324,2111,
501,467,2112,
501,468,2113,
501,500,2114,
502,321,2115,
502,322,2116,
502,323,2117,
502,324,2118,
502,467,2119,
502,468,2120,
502,500,2121,
502,501,2122,
503,321,2123,
503,322,2124,
503,323,2125,
503,324,2126,
503,467,2127,
503,468,2128,
503,500,2129,
503,501,2130,
503,502,2131,
504,321,2132,
504,322,2133,
504,323,2134,
504,324,2135,
504,467,2136,
504,468,2137,
504,500,2138,
504,501,2139,
504,502,2140,
504,503,2141,
505,321,2142,
505,322,2143,
505,323,2144,
505,324,2145,
505,467,2146,
505,468,2147,
505,500,2148,
505,501,2149,
505,502,2150,
505,503,2151,
505,504,2152,
506,321,2153,
506,322,2154,
506,323,2155,
506,324,2156,
506,467,2157,
506,468,2158,
506,500,2159,
506,501,2160,
506,502,2161,
506,503,2162,
506,504,2163,
506,505,2164,
507,321,2165,
507,322,2166,
507,323,2167,
507,324,2168,
507,467,2169,
507,468,2170,
507,500,2171,
507,501,2172,
507,502,2173,
507,503,2174,
507,504,2175,
507,505,2176,
507,506,2177,
508,198,2178,
509,198,2179,
509,508,2180,
510,442,2181,
511,442,2182,
511,510,2183,
512,442,2184,
512,510,2185,
512,511,2186,
513,442,2187,
513,510,2188,
513,511,2189,
513,512,2190,
514,442,2191,
514,510,2192,
514,511,2193,
514,512,2194,
514,513,2195,
515,442,2196,
515,510,2197,
515,511,2198,
515,512,2199,
515,513,2200,
515,514,2201,
516,442,2202,
516,510,2203,
516,511,2204,
516,512,2205,
516,513,2206,
516,514,2207,
516,515,2208,
517,442,2209,
517,510,2210,
517,511,2211,
517,512,2212,
517,513,2213,
517,514,2214,
517,515,2215,
517,516,2216,
518,217,2217,
518,218,2218,
518,219,2219,
518,220,2220,
518,221,2221,
518,222,2222,
519,217,2223,
519,218,2224,
519,219,2225,
519,220,2226,
519,221,2227,
519,222,2228,
519,518,2229,
520,217,2230,
520,218,2231,
520,219,2232,
520,220,2233,
520,221,2234,
520,222,2235,
520,518,2236,
520,519,2237,
521,217,2238,
521,218,2239,
521,219,2240,
521,220,2241,
521,221,2242,
521,222,2243,
521,518,2244,
521,519,2245,
521,520,2246,
522,485,2247,
522,486,2248,
522,487,2249,
522,488,2250,
522,489,2251,
522,490,2252,
522,491,2253,
522,492,2254,
523,344,2255,
524,344,2256,
524,523,2257,
525,344,2258,
525,523,2259,
525,524,2260,
526,23,2261,
526,24,2262,
526,25,2263,
526,26,2264,
526,27,2265,
526,28,2266,
526,29,2267,
526,30,2268,
526,31,2269,
526,32,2270,
526,33,2271,
526,34,2272,
526,35,2273,
526,36,2274,
526,37,2275,
526,167,2276,
527,21,2277,
527,22,2278,
527,284,2279,
527,285,2280,
527,286,2281,
527,287,2282,
527,288,2283,
527,289,2284,
528,388,2285,
528,389,2286,
528,390,2287,
528,391,2288,
528,476,2289,
528,477,2290,
529,388,2291,
529,389,2292,
529,390,2293,
529,391,2294,
529,476,2295,
529,477,2296,
529,528,2297,
530,497,2298,
530,498,2299,
530,499,2300,
531,497,2301,
531,498,2302,
531,499,2303,
531,530,2304,
532,8,2305,
532,9,2306,
533,8,2307,
533,9,2308,
533,532,2309,
534,8,2310,
534,9,2311,
534,532,2312,
534,533,2313,
535,8,2314,
535,9,2315,
535,532,2316,
535,533,2317,
535,534,2318,
536,8,2319,
536,9,2320,
536,532,2321,
536,533,2322,
536,534,2323,
536,535,2324,
537,8,2325,
537,9,2326,
537,532,2327,
537,533,2328,
537,534,2329,
537,535,2330,
537,536,2331,
538,8,2332,
538,9,2333,
538,532,2334,
538,533,2335,
538,534,2336,
538,535,2337,
538,536,2338,
538,537,2339,
539,8,2340,
539,9,2341,
539,532,2342,
539,533,2343,
539,534,2344,
539,535,2345,
539,536,2346,
539,537,2347,
539,538,2348,
540,8,2349,
540,9,2350,
540,532,2351,
540,533,2352,
540,534,2353,
540,535,2354,
540,536,2355,
540,537,2356,
540,538,2357,
540,539,2358,
541,8,2359,
541,9,2360,
541,532,2361,
541,533,2362,
541,534,2363,
541,535,2364,
541,536,2365,
541,537,2366,
541,538,2367,
541,539,2368,
541,540,2369,
542,8,2370,
542,9,2371,
542,532,2372,
542,533,2373,
542,534,2374,
542,535,2375,
542,536,2376,
542,537,2377,
542,538,2378,
542,539,2379,
542,540,2380,
542,541,2381,
543,8,2382,
543,9,2383,
543,532,2384,
543,533,2385,
543,534,2386,
543,535,2387,
543,536,2388,
543,537,2389,
543,538,2390,
543,539,2391,
543,540,2392,
543,541,2393,
543,542,2394,
545,544,2395,
546,544,2396,
546,545,2397,
547,100,2398,
547,101,2399,
547,102,2400,
547,103,2401,
547,104,2402,
547,105,2403,
547,106,2404,
547,107,2405,
547,108,2406,
547,109,2407,
548,112,2408,
548,113,2409,
548,114,2410,
548,115,2411,
548,116,2412,
548,117,2413,
548,118,2414,
548,424,2415,
548,425,2416,
548,426,2417,
548,427,2418,
549,412,2419,
549,413,2420,
549,447,2421,
549,448,2422,
549,449,2423,
549,450,2424,
549,451,2425,
549,452,2426,
549,453,2427,
550,21,2428,
550,22,2429,
550,284,2430,
550,285,2431,
550,286,2432,
550,287,2433,
550,288,2434,
550,289,2435,
550,527,2436,
551,21,2437,
551,22,2438,
551,284,2439,
551,285,2440,
551,286,2441,
551,287,2442,
551,288,2443,
551,289,2444,
551,527,2445,
551,550,2446,
552,96,2447,
552,97,2448,
552,98,2449,
552,99,2450,
553,16,2451,
553,17,2452,
553,18,2453,
553,19,2454,
553,20,2455,
553,484,2456,
554,485,2457,
554,486,2458,
554,487,2459,
554,488,2460,
554,489,2461,
554,490,2462,
554,491,2463,
554,492,2464,
554,522,2465,
555,485,2466,
555,486,2467,
555,487,2468,
555,488,2469,
555,489,2470,
555,490,2471,
555,491,2472,
555,492,2473,
555,522,2474,
555,554,2475,
556,485,2476,
556,486,2477,
556,487,2478,
556,488,2479,
556,489,2480,
556,490,2481,
556,491,2482,
556,492,2483,
556,522,2484,
556,554,2485,
556,555,2486,
557,168,2487,
557,169,2488,
557,170,2489,
557,171,2490,
557,172,2491,
557,173,2492,
557,174,2493,
557,175,2494,
557,176,2495,
557,177,2496,
557,178,2497,
557,223,2498,
557,224,2499,
557,225,2500,
558,168,2501,
558,169,2502,
558,170,2503,
558,171,2504,
558,172,2505,
558,173,2506,
558,174,2507,
558,175,2508,
558,176,2509,
558,177,2510,
558,178,2511,
558,223,2512,
558,224,2513,
558,225,2514,
558,557,2515,
559,168,2516,
559,169,2517,
559,170,2518,
559,171,2519,
559,172,2520,
559,173,2521,
559,174,2522,
559,175,2523,
559,176,2524,
559,177,2525,
559,178,2526,
559,223,2527,
559,224,2528,
559,225,2529,
559,557,2530,
559,558,2531,
560,293,2532,
560,294,2533,
560,295,2534,
560,296,2535,
560,297,2536,
560,298,2537,
560,299,2538,
560,300,2539,
560,301,2540,
560,302,2541,
561,293,2542,
561,294,2543,
561,295,2544,
561,296,2545,
561,297,2546,
561,298,2547,
561,299,2548,
561,300,2549,
561,301,2550,
561,302,2551,
561,560,2552,
562,293,2553,
562,294,2554,
562,295,2555,
562,296,2556,
562,297,2557,
562,298,2558,
562,299,2559,
562,300,2560,
562,301,2561,
562,302,2562,
562,560,2563,
562,561,2564,
563,414,2565,
563,415,2566,
563,416,2567,
563,417,2568,
563,418,2569,
563,419,2570,
564,414,2571,
564,415,2572,
564,416,2573,
564,417,2574,
564,418,2575,
564,419,2576,
564,563,2577,
565,414,2578,
565,415,2579,
565,416,2580,
565,417,2581,
565,418,2582,
565,419,2583,
565,563,2584,
565,564,2585,
566,154,2586,
566,392,2587,
566,393,2588,
567,154,2589,
567,392,2590,
567,393,2591,
567,566,2592,
568,154,2593,
568,392,2594,
568,393,2595,
568,566,2596,
568,567,2597,
569,154,2598,
569,392,2599,
569,393,2600,
569,566,2601,
569,567,2602,
569,568,2603,
570,154,2604,
570,392,2605,
570,393,2606,
570,566,2607,
570,567,2608,
570,568,2609,
570,569,2610,
571,217,2611,
571,218,2612,
571,219,2613,
571,220,2614,
571,221,2615,
571,222,2616,
571,518,2617,
571,519,2618,
571,520,2619,
571,521,2620,
572,217,2621,
572,218,2622,
572,219,2623,
572,220,2624,
572,221,2625,
572,222,2626,
572,518,2627,
572,519,2628,
572,520,2629,
572,521,2630,
572,571,2631,
573,227,2632,
573,228,2633,
574,227,2634,
574,228,2635,
574,573,2636,
575,227,2637,
575,228,2638,
575,573,2639,
575,574,2640,
576,478,2641,
576,479,2642,
576,480,2643,
576,481,2644,
576,482,2645,
576,483,2646,
577,478,2647,
577,479,2648,
577,480,2649,
577,481,2650,
577,482,2651,
577,483,2652,
577,576,2653,
578,318,2654,
578,319,2655,
578,320,2656,
578,420,2657,
578,421,2658,
579,388,2659,
579,389,2660,
579,390,2661,
579,391,2662,
579,476,2663,
579,477,2664,
579,528,2665,
579,529,2666,
580,388,2667,
580,389,2668,
580,390,2669,
580,391,2670,
580,476,2671,
580,477,2672,
580,528,2673,
580,529,2674,
580,579,2675,
581,388,2676,
581,389,2677,
581,390,2678,
581,391,2679,
581,476,2680,
581,477,2681,
581,528,2682,
581,529,2683,
581,579,2684,
581,580,2685,
582,255,2686,
582,256,2687,
582,257,2688,
582,493,2689,
583,255,2690,
583,256,2691,
583,257,2692,
583,493,2693,
583,582,2694,
584,229,2695,
584,258,2696,
584,259,2697,
584,260,2698,
584,261,2699,
584,262,2700,
584,360,2701,
584,361,2702,
584,362,2703,
585,229,2704,
585,258,2705,
585,259,2706,
585,260,2707,
585,261,2708,
585,262,2709,
585,360,2710,
585,361,2711,
585,362,2712,
585,584,2713,
586,229,2714,
586,258,2715,
586,259,2716,
586,260,2717,
586,261,2718,
586,262,2719,
586,360,2720,
586,361,2721,
586,362,2722,
586,584,2723,
586,585,2724,
587,136,2725,
587,137,2726,
587,138,2727,
587,185,2728,
587,186,2729,
587,187,2730,
587,188,2731,
587,189,2732,
587,190,2733,
587,191,2734,
587,290,2735,
587,291,2736,
587,292,2737,
588,89,2738,
588,90,2739,
588,91,2740,
588,92,2741,
588,93,2742,
588,94,2743,
588,95,2744,
588,110,2745,
588,111,2746,
589,89,2747,
589,90,2748,
589,91,2749,
589,92,2750,
589,93,2751,
589,94,2752,
589,95,2753,
589,110,2754,
589,111,2755,
589,588,2756,
590,89,2757,
590,90,2758,
590,91,2759,
590,92,2760,
590,93,2761,
590,94,2762,
590,95,2763,
590,110,2764,
590,111,2765,
590,588,2766,
590,589,2767,
591,89,2768,
591,90,2769,
591,91,2770,
591,92,2771,
591,93,2772,
591,94,2773,
591,95,2774,
591,110,2775,
591,111,2776,
591,588,2777,
591,589,2778,
591,590,2779,
592,325,2780,
592,326,2781,
592,327,2782,
592,328,2783,
592,329,2784,
592,330,2785,
592,331,2786,
592,332,2787,
592,333,2788,
592,387,2789,
593,217,2790,
593,218,2791,
593,219,2792,
593,220,2793,
593,221,2794,
593,222,2795,
593,518,2796,
593,519,2797,
593,520,2798,
593,521,2799,
593,571,2800,
593,572,2801,
594,303,2802,
594,304,2803,
594,305,2804,
594,306,2805,
594,307,2806,
594,308,2807,
594,309,2808,
594,310,2809,
595,414,2810,
595,415,2811,
595,416,2812,
595,417,2813,
595,418,2814,
595,419,2815,
595,563,2816,
595,564,2817,
595,565,2818,
596,345,2819,
596,346,2820,
596,347,2821,
596,348,2822,
597,345,2823,
597,346,2824,
597,347,2825,
597,348,2826,
597,596,2827,
598,345,2828,
598,346,2829,
598,347,2830,
598,348,2831,
598,596,2832,
598,597,2833,
599,226,2834,
599,443,2835,
599,444,2836,
599,445,2837,
599,446,2838,
600,226,2839,
600,443,2840,
600,444,2841,
600,445,2842,
600,446,2843,
600,599,2844,
601,478,2845,
601,479,2846,
601,480,2847,
601,481,2848,
601,482,2849,
601,483,2850,
601,576,2851,
601,577,2852,
602,478,2853,
602,479,2854,
602,480,2855,
602,481,2856,
602,482,2857,
602,483,2858,
602,576,2859,
602,577,2860,
602,601,2861,
603,478,2862,
603,479,2863,
603,480,2864,
603,481,2865,
603,482,2866,
603,483,2867,
603,576,2868,
603,577,2869,
603,601,2870,
603,602,2871,
604,16,2872,
604,17,2873,
604,18,2874,
604,19,2875,
604,20,2876,
604,484,2877,
604,553,2878,
605,16,2879,
605,17,2880,
605,18,2881,
605,19,2882,
605,20,2883,
605,484,2884,
605,553,2885,
605,604,2886,
606,16,2887,
606,17,2888,
606,18,2889,
606,19,2890,
606,20,2891,
606,484,2892,
606,553,2893,
606,604,2894,
606,605,2895,
607,16,2896,
607,17,2897,
607,18,2898,
607,19,2899,
607,20,2900,
607,484,2901,
607,553,2902,
607,604,2903,
607,605,2904,
607,606,2905,
608,356,2906,
608,357,2907,
608,358,2908,
608,359,2909,
608,441,2910,
609,356,2911,
609,357,2912,
609,358,2913,
609,359,2914,
609,441,2915,
609,608,2916,
610,356,2917,
610,357,2918,
610,358,2919,
610,359,2920,
610,441,2921,
610,608,2922,
610,609,2923,
611,67,2924,
611,68,2925,
611,69,2926,
612,227,2927,
612,228,2928,
612,573,2929,
612,574,2930,
612,575,2931,
613,318,2932,
613,319,2933,
613,320,2934,
613,420,2935,
613,421,2936,
613,578,2937,
614,89,2938,
614,90,2939,
614,91,2940,
614,92,2941,
614,93,2942,
614,94,2943,
614,95,2944,
614,110,2945,
614,111,2946,
614,588,2947,
614,589,2948,
614,590,2949,
614,591,2950,
615,198,2951,
615,508,2952,
615,509,2953,
616,198,2954,
616,508,2955,
616,509,2956,
616,615,2957,
617,198,2958,
617,508,2959,
617,509,2960,
617,615,2961,
617,616,2962,
618,334,2963,
618,335,2964,
618,336,2965,
618,337,2966,
618,338,2967,
618,339,2968,
618,340,2969,
618,341,2970,
618,342,2971,
619,334,2972,
619,335,2973,
619,336,2974,
619,337,2975,
619,338,2976,
619,339,2977,
619,340,2978,
619,341,2979,
619,342,2980,
619,618,2981,
620,96,2982,
620,97,2983,
620,98,2984,
620,99,2985,
620,552,2986,
621,303,2987,
621,304,2988,
621,305,2989,
621,306,2990,
621,307,2991,
621,308,2992,
621,309,2993,
621,310,2994,
621,594,2995,
622,442,2996,
622,510,2997,
622,511,2998,
622,512,2999,
622,513,3000,
622,514,3001,
622,515,3002,
622,516,3003,
622,517,3004,
623,497,3005,
623,498,3006,
623,499,3007,
623,530,3008,
623,531,3009,
624,497,3010,
624,498,3011,
624,499,3012,
624,530,3013,
624,531,3014,
624,623,3015,
625,179,3016,
625,180,3017,
625,181,3018,
625,182,3019,
625,183,3020,
625,184,3021,
626,313,3022,
626,314,3023,
626,315,3024,
626,316,3025,
626,317,3026,
626,343,3027,
627,313,3028,
627,314,3029,
627,315,3030,
627,316,3031,
627,317,3032,
627,343,3033,
627,626,3034,
629,628,3035,
630,485,3036,
630,486,3037,
630,487,3038,
630,488,3039,
630,489,3040,
630,490,3041,
630,491,3042,
630,492,3043,
630,522,3044,
630,554,3045,
630,555,3046,
630,556,3047,
631,485,3048,
631,486,3049,
631,487,3050,
631,488,3051,
631,489,3052,
631,490,3053,
631,491,3054,
631,492,3055,
631,522,3056,
631,554,3057,
631,555,3058,
631,556,3059,
631,630,3060,
632,281,3061,
632,282,3062,
632,283,3063,
632,472,3064,
632,473,3065,
632,474,3066,
632,475,3067,
633,119,3068,
633,120,3069,
633,121,3070,
633,122,3071,
633,397,3072,
633,398,3073,
633,399,3074,
633,400,3075,
633,401,3076,
634,281,3077,
634,282,3078,
634,283,3079,
634,472,3080,
634,473,3081,
634,474,3082,
634,475,3083,
634,632,3084,
635,281,3085,
635,282,3086,
635,283,3087,
635,472,3088,
635,473,3089,
635,474,3090,
635,475,3091,
635,632,3092,
635,634,3093,
636,344,3094,
636,523,3095,
636,524,3096,
636,525,3097,
637,192,3098,
637,277,3099,
637,278,3100,
637,279,3101,
637,280,3102,
637,494,3103,
637,495,3104,
637,496,3105,
638,349,3106,
638,350,3107,
638,351,3108,
638,352,3109,
638,353,3110,
638,354,3111,
638,355,3112,
638,407,3113,
638,408,3114,
639,67,3115,
639,68,3116,
639,69,3117,
639,611,3118,
640,127,3119,
640,128,3120,
640,129,3121,
640,130,3122,
640,131,3123,
640,132,3124,
640,133,3125,
640,134,3126,
640,135,3127,
640,422,3128,
640,423,3129,
641,155,3130,
641,156,3131,
641,157,3132,
641,158,3133,
641,159,3134,
641,160,3135,
641,161,3136,
641,162,3137,
641,163,3138,
641,164,3139,
641,165,3140,
642,155,3141,
642,156,3142,
642,157,3143,
642,158,3144,
642,159,3145,
642,160,3146,
642,161,3147,
642,162,3148,
642,163,3149,
642,164,3150,
642,165,3151,
642,641,3152,
643,457,3153,
643,458,3154,
643,459,3155,
643,460,3156,
643,461,3157,
643,462,3158,
643,463,3159,
643,464,3160,
643,465,3161,
643,466,3162,
644,255,3163,
644,256,3164,
644,257,3165,
644,493,3166,
644,582,3167,
644,583,3168,
645,255,3169,
645,256,3170,
645,257,3171,
645,493,3172,
645,582,3173,
645,583,3174,
645,644,3175,
646,192,3176,
646,277,3177,
646,278,3178,
646,279,3179,
646,280,3180,
646,494,3181,
646,495,3182,
646,496,3183,
646,637,3184,
647,293,3185,
647,294,3186,
647,295,3187,
647,296,3188,
647,297,3189,
647,298,3190,
647,299,3191,
647,300,3192,
647,301,3193,
647,302,3194,
647,560,3195,
647,561,3196,
647,562,3197,
648,281,3198,
648,282,3199,
648,283,3200,
648,472,3201,
648,473,3202,
648,474,3203,
648,475,3204,
648,632,3205,
648,634,3206,
648,635,3207,
649,281,3208,
649,282,3209,
649,283,3210,
649,472,3211,
649,473,3212,
649,474,3213,
649,475,3214,
649,632,3215,
649,634,3216,
649,635,3217,
649,648,3218,
650,46,3219,
650,47,3220,
650,48,3221,
650,49,3222,
650,63,3223,
650,64,3224,
650,65,3225,
650,66,3226,
650,265,3227,
650,266,3228,
650,267,3229,
650,268,3230,
651,263,3231,
651,264,3232,
652,345,3233,
652,346,3234,
652,347,3235,
652,348,3236,
652,596,3237,
652,597,3238,
652,598,3239,
653,193,3240,
653,194,3241,
653,195,3242,
653,196,3243,
653,197,3244,
653,378,3245,
653,379,3246,
653,380,3247,
653,381,3248,
653,382,3249,
653,383,3250,
654,255,3251,
654,256,3252,
654,257,3253,
654,493,3254,
654,582,3255,
654,583,3256,
654,644,3257,
654,645,3258,
655,544,3259,
655,545,3260,
655,546,3261,
656,544,3262,
656,545,3263,
656,546,3264,
656,655,3265,
657,226,3266,
657,443,3267,
657,444,3268,
657,445,3269,
657,446,3270,
657,599,3271,
657,600,3272,
658,179,3273,
658,180,3274,
658,181,3275,
658,182,3276,
658,183,3277,
658,184,3278,
658,625,3279,
659,198,3280,
659,508,3281,
659,509,3282,
659,615,3283,
659,616,3284,
659,617,3285,
660,67,3286,
660,68,3287,
660,69,3288,
660,611,3289,
660,639,3290,
661,119,3291,
661,120,3292,
661,121,3293,
661,122,3294,
661,397,3295,
661,398,3296,
661,399,3297,
661,400,3298,
661,401,3299,
661,633,3300,
662,628,3301,
662,629,3302,
663,10,3303,
663,11,3304,
663,12,3305,
663,13,3306,
663,14,3307,
663,15,3308,
663,244,3309,
663,245,3310,
663,246,3311,
663,247,3312,
663,386,3313,
664,344,3314,
664,523,3315,
664,524,3316,
664,525,3317,
664,636,3318,
665,414,3319,
665,415,3320,
665,416,3321,
665,417,3322,
665,418,3323,
665,419,3324,
665,563,3325,
665,564,3326,
665,565,3327,
665,595,3328,
